kp,ki,kd,TH_error_avg,TH_error_max,accel_rms,score
1.0,0.0,0.3,0.6853503515549549,2.05,0.7751165645534598,5.1729086338316845
